{
    "2022": {
        "1": {
            "1": 0.0005856669995409902,
            "2": 0.00033345900010317564
        },
        "2": {
            "1": 0.0007123329996829852,
            "2": 0.0005555409989028703
        },
        "3": {
            "1": 0.0005772910008090548,
            "2": 0.0003998339998361189
        },
        "4": {
            "1": 0.001389375000144355,
            "2": 0.001591083000676008
        },
        "5": {
            "1": 0.0005873750014870893,
            "2": 0.00045237499944050796
        },
        "6": {
            "1": 0.0004913339980703313,
            "2": 0.0007128339966584463
        },
        "7": {
            "1": 0.0007243340005516075,
            "2": 0.0006189159976202063
        },
        "8": {
            "1": 0.0042542089977359865,
            "2": 0.017721584001265
        }
    },
    "2023": {
        "1": {
            "1": 0.0009284999978262931,
            "2": 0.0008018339976842981
        },
        "10": {
            "1": 0.020385750001878478,
            "2": 0.027614958002232015
        },
        "11": {
            "1": 0.0021203340002102777,
            "2": 0.0018957499996758997
        },
        "12": {
            "1": 0.01778320900120889,
            "2": 0.1833859170001233
        },
        "13": {
            "1": 0.004982916001608828,
            "2": 0.004064082997501828
        },
        "14": {
            "1": 0.001323250002315035,
            "2": 0.3632292080001207
        },
        "15": {
            "1": 0.002257707998069236,
            "2": 0.0027250419989286456
        },
        "16": {
            "1": 0.017060375001165085,
            "2": 3.7723124170006486
        },
        "17": {
            "1": 0.2454318339987367,
            "2": 0.5870636670006206
        },
        "18": {
            "1": 0.0015629170011379756,
            "2": 0.0009735419989738148
        },
        "19": {
            "1": 0.0025737920004758053,
            "2": 0.007803874999808613
        },
        "2": {
            "1": 0.0009393750005983748,
            "2": 0.000687708001350984
        },
        "20": {
            "1": 0.02417629099727492
        },
        "21": {
            "1": 0.0016598750007688068
        },
        "22": {
            "1": 0.27402020799854654,
            "2": 1.2462240409986407
        },
        "3": {
            "1": 0.020354000000224914,
            "2": 0.017140166000899626
        },
        "4": {
            "1": 0.0009977090012398548,
            "2": 0.0008756670031289104
        },
        "5": {
            "1": 0.0010350830016250256,
            "2": 0.006184958998346701
        },
        "6": {
            "1": 0.00030641699777333997,
            "2": 9.624999802326784e-05
        },
        "7": {
            "1": 0.013108416998875327,
            "2": 0.012392583998007467
        },
        "8": {
            "1": 0.002728540999669349,
            "2": 0.012435833999916213
        },
        "9": {
            "1": 0.003412207999645034,
            "2": 0.0031072500023583416
        }
    },
    "2024": {
        "1": {
            "1": 0.000820249999378575,
            "2": 0.0005585830003838055
        },
        "10": {
            "1": 0.014763082999706967,
            "2": 0.01441358300144202
        },
        "11": {
            "1": 0.0006987090018810704,
            "2": 0.00016808399959700182
        },
        "2": {
            "1": 0.0016508750013599638,
            "2": 0.004539584002486663
        },
        "3": {
            "1": 0.0008832919993437827,
            "2": 0.0008313750004163012
        },
        "4": {
            "1": 0.41184283400070854,
            "2": 0.056461374999344116
        },
        "5": {
            "1": 0.016953250000369735,
            "2": 0.25098220899963053
        },
        "6": {
            "1": 0.008754667000175687,
            "2": 18.244633542002703
        },
        "7": {
            "1": 0.20895795799879124,
            "2": 5.265714749999461
        },
        "8": {
            "1": 0.0017430000007152557,
            "2": 0.0008243750016845297
        },
        "9": {
            "1": 0.01911854200079688,
            "2": 0.3087662910002109
        }
    }
}
