{
    "2022": {
        "1": {
            "1": 0.0005336250032996759,
            "2": 0.00033350000012433156
        },
        "2": {
            "1": 0.0007216250014607795,
            "2": 0.0005814589967485517
        },
        "3": {
            "1": 0.0005834999974467792,
            "2": 0.0004647919995477423
        },
        "4": {
            "1": 0.0014675419952254742,
            "2": 0.001472500000090804
        },
        "5": {
            "1": 0.0005381249939091504,
            "2": 0.00042345799738541245
        },
        "6": {
            "1": 0.00047862499923212454,
            "2": 0.0006953329939278774
        },
        "7": {
            "1": 0.000703040997905191,
            "2": 0.0005272919952403754
        },
        "8": {
            "1": 0.026877292002609465,
            "2": 0.08659541700035334
        }
    },
    "2023": {
        "1": {
            "1": 0.0010196670045843348,
            "2": 0.0008562080038245767
        },
        "10": {
            "1": 0.019967792002717033,
            "2": 0.02827949999482371
        },
        "11": {
            "1": 0.0023325000001932494,
            "2": 0.001954874998773448
        },
        "12": {
            "1": 0.014658207997854333,
            "2": 0.1877179170041927
        },
        "13": {
            "1": 0.005147791998751927,
            "2": 0.004139832999499049
        },
        "14": {
            "1": 0.0014111249984125607,
            "2": 0.3721350000050734
        },
        "15": {
            "1": 0.0022669169993605465,
            "2": 0.002846584000508301
        },
        "16": {
            "1": 0.020652708000852726,
            "2": 3.7338952499994775
        },
        "17": {
            "1": 0.6743072090030182,
            "2": 1.6964337909957976
        },
        "18": {
            "1": 0.0011046670042560436,
            "2": 0.000998540999717079
        },
        "19": {
            "1": 0.0025197089998982847,
            "2": 0.007893291003711056
        },
        "2": {
            "1": 0.0007407079974655062,
            "2": 0.0007310410001082346
        },
        "20": {
            "1": 0.024360916002478916
        },
        "21": {
            "1": 0.0015852920041652396
        },
        "22": {
            "1": 0.2727131669962546,
            "2": 1.2481261249995441
        },
        "3": {
            "1": 0.015123750003112946,
            "2": 0.017537207997520454
        },
        "4": {
            "1": 0.0009947919970727526,
            "2": 0.000897999998414889
        },
        "5": {
            "1": 0.0009441669972147793,
            "2": 0.006199709001521114
        },
        "6": {
            "1": 0.0003112499980488792,
            "2": 0.00011604199971770868
        },
        "7": {
            "1": 0.012735292002616916,
            "2": 0.012327834003372118
        },
        "8": {
            "1": 0.002602749998914078,
            "2": 0.011816583995823748
        },
        "9": {
            "1": 0.0032559999963268638,
            "2": 0.003069791004236322
        }
    },
    "2024": {
        "1": {
            "1": 0.000883707994944416,
            "2": 0.0005465829963213764
        },
        "10": {
            "1": 0.0149867920044926,
            "2": 0.013826832997438032
        },
        "11": {
            "1": 0.000360707999789156,
            "2": 0.00015616699965903535
        },
        "2": {
            "1": 0.0015281659943866543,
            "2": 0.004668708999815863
        },
        "3": {
            "1": 0.0006905420013936237,
            "2": 0.0008322919966303743
        },
        "4": {
            "1": 0.41063983400090365,
            "2": 0.05654874999891035
        },
        "5": {
            "1": 0.016524915998161305,
            "2": 0.2515371250046883
        },
        "6": {
            "1": 0.008425375002843793,
            "2": 18.220072291005636
        },
        "7": {
            "1": 0.208844875000068,
            "2": 5.275339792002342
        },
        "8": {
            "1": 0.0007729999997536652,
            "2": 0.0008782500008237548
        },
        "9": {
            "1": 0.01861395799642196,
            "2": 0.3082944999987376
        }
    }
}
