{
    "2022": {
        "1": {
            "1": 0.0015120420066523366,
            "2": 0.0004172080007265322
        },
        "2": {
            "1": 0.001371457998175174,
            "2": 0.0012545829958980903
        },
        "3": {
            "1": 0.0012209159976919182,
            "2": 0.0005252089977147989
        },
        "4": {
            "1": 0.0027542910029296763,
            "2": 0.003561749996151775
        },
        "5": {
            "1": 0.001301874995988328,
            "2": 0.0005235409989836626
        },
        "6": {
            "1": 0.001175166995381005,
            "2": 0.0013482079957611859
        },
        "7": {
            "1": 0.0021044169989181682,
            "2": 0.0013576249984907918
        },
        "8": {
            "1": 0.006895584003359545,
            "2": 0.0241458330056048
        }
    },
    "2023": {
        "1": {
            "1": 0.0009210839998559095,
            "2": 0.000945459003560245
        },
        "10": {
            "1": 0.037506583001231775,
            "2": 0.049975791000179015
        },
        "11": {
            "1": 0.003206875000614673,
            "2": 0.00487141700432403
        },
        "12": {
            "1": 0.023227500001667067,
            "2": 0.3164200419996632
        },
        "13": {
            "1": 0.006654333999904338,
            "2": 0.004377874996862374
        },
        "14": {
            "1": 0.002134042006218806,
            "2": 0.5656069999968167
        },
        "15": {
            "1": 0.0028755840030498803,
            "2": 0.006214125001861248
        },
        "16": {
            "1": 0.024845416999596637,
            "2": 6.201311416996759
        },
        "17": {
            "1": 0.4030878749981639,
            "2": 1.2420546249995823
        },
        "18": {
            "1": 0.003026790996955242,
            "2": 0.0012971250034752302
        },
        "19": {
            "1": 0.0033424999928683974,
            "2": 0.011228916999243665
        },
        "2": {
            "1": 0.0017090830006054603,
            "2": 0.0013915829986217432
        },
        "20": {
            "1": 0.03799358300602762,
            "2": 0.1457460000019637
        },
        "21": {
            "1": 0.01916837500175461,
            "2": 0.41260833300475497
        },
        "22": {
            "1": 0.4636766249968787,
            "2": 1.300843207995058
        },
        "23": {
            "1": 0.14662545799365034,
            "2": 10.146390000001702
        },
        "24": {
            "1": 0.02815612500126008,
            "2": 0.09576345900131855
        },
        "25": {
            "1": 1.86416579199431
        },
        "3": {
            "1": 0.031111833006434608,
            "2": 0.029362250003032386
        },
        "4": {
            "1": 0.0012869169950135984,
            "2": 0.00132141600624891
        },
        "5": {
            "1": 0.0013857079975423403,
            "2": 0.009644291996664833
        },
        "6": {
            "1": 0.00038287499774014577,
            "2": 0.00013099999341648072
        },
        "7": {
            "1": 0.01634816700243391,
            "2": 0.024982499999168795
        },
        "8": {
            "1": 0.008177916999557056,
            "2": 0.0165231249993667
        },
        "9": {
            "1": 0.0036176669964333996,
            "2": 0.0054343340016203
        }
    },
    "2024": {
        "1": {
            "1": 0.0009512920005363412,
            "2": 0.00176116700458806
        },
        "10": {
            "1": 0.017700541000522207,
            "2": 0.024307374995260034
        },
        "11": {
            "1": 0.0009669589999248274,
            "2": 0.00027400000544730574
        },
        "2": {
            "1": 0.0019025830042664893,
            "2": 0.007450999997672625
        },
        "3": {
            "1": 0.0007924160017864779,
            "2": 0.002125708997482434
        },
        "4": {
            "1": 0.7589470829989295,
            "2": 0.08791133300110232
        },
        "5": {
            "1": 0.022367541001585778,
            "2": 0.5443621250014985
        },
        "6": {
            "1": 0.009601958001439925,
            "2": 3.9817128750000848
        },
        "7": {
            "1": 0.3227803749978193,
            "2": 5.569808375003049
        },
        "8": {
            "1": 0.001524582999991253,
            "2": 0.0018308340004296042
        },
        "9": {
            "1": 0.021909458002483007,
            "2": 0.6155474580009468
        }
    },
    "2025": {
        "1": {
            "1": 0.0012921659945277497,
            "2": 0.0014084160065976903
        },
        "2": {
            "1": 0.0025582909875083715,
            "2": 0.0027096660051029176
        },
        "3": {
            "1": 0.002609832998132333,
            "2": 0.0023011660086922348
        },
        "4": {
            "1": 0.03313870799320284,
            "2": 0.607902625008137
        }
    }
}